customer_id,recency,frequency,monetary,total_profit,avg_discount,avg_margin,num_categories,num_channels,churned,churn_prob
AA-10315,184,5,5563.56,-362.8825,0.09090909090909091,0.265,3,3,1,
AA-10375,19,9,1056.39,277.3824,0.08000000000000002,0.319,3,3,0,
AA-10480,259,4,1790.5120000000002,435.8274,0.016666666666666666,0.33083333333333326,3,3,1,
AA-10645,55,6,5086.9349999999995,857.8033,0.06388888888888888,0.2441425459072518,3,3,0,0.003360278
AB-10015,415,3,886.156,129.3465,0.06666666666666667,0.10541666666666666,3,2,1,
AB-10060,54,8,7706.5,2031.5021,0.047058823529411764,0.3372058823529412,3,3,0,
AB-10105,41,10,14473.570999999998,5444.8055,0.24,-0.08312500000000003,3,3,0,
AB-10150,41,5,966.71,313.6597,0.13333333333333333,0.21479166666666663,3,3,0,
AB-10165,25,8,1113.838,220.813,0.13571428571428573,0.24206632653061225,3,3,0,
AB-10255,166,9,914.5319999999999,264.5675,0.1,0.3068452380952381,3,3,0,
AB-10600,50,4,1515.862,-274.9604,0.375,-0.33479166666666665,3,3,0,
AC-10420,232,3,925.8,-62.1342,0.32,-0.19250000000000003,2,2,1,
AC-10450,11,7,5527.846,1366.0098,0.18888888888888888,0.1322222222222222,2,3,0,
AC-10615,6,5,2537.6859999999997,298.8273,0.1111111111111111,0.15125,3,3,0,
AC-10660,282,5,657.316,-28.700399999999995,0.18333333333333335,0.061607142857142895,3,3,1,0.9975152
AD-10180,29,8,6106.88,1869.9294,0.05833333333333333,0.3019345238095238,3,2,0,
AF-10870,41,7,2052.908,317.9712,0.2,-0.07939732142857144,3,3,0,
AF-10885,415,4,861.565,-163.1175,0.2571428571428572,-0.12190476190476189,3,3,1,
AG-10270,278,5,2582.898,732.7399,0.014285714285714287,0.27071428571428574,3,3,1,0.99798393
AG-10300,118,4,367.548,59.288399999999996,0.08,0.2425,2,3,0,
AG-10330,8,5,660.972,-5.137100000000006,0.23333333333333334,-0.0027777777777778325,3,2,0,0.0036082133
AG-10390,114,5,200.945,69.2784,0.22499999999999998,0.09947916666666667,2,3,0,0.003148352
AG-10495,78,8,2356.855,295.6668,0.20476190476190476,0.17664021164021163,3,3,0,
AG-10525,845,4,1455.038,-152.7613,0.15555555555555556,0.1762037037037037,3,3,1,
AG-10675,97,7,3489.0396000000005,-246.42570000000003,0.16133333333333333,0.13727170868347335,3,3,0,
AG-10765,77,4,170.584,-8.431000000000001,0.45999999999999996,-0.6039999999999999,1,3,0,
AG-10900,96,10,4510.797,343.6824,0.16666666666666666,0.09398659463785515,3,3,0,
AH-10030,12,7,1744.7,365.2152,0.09090909090909091,0.3104545454545454,3,3,0,
AH-10075,34,10,3250.337,281.189,0.135,0.16847619047619047,3,3,0,0.0011337046
AH-10120,60,7,1735.5140000000001,-2.3145999999999773,0.23750000000000002,-0.035260416666666655,3,3,0,0.0016480897
AH-10195,55,4,1587.452,-378.5509,0.35,-0.2406994047619048,2,3,0,
AH-10210,6,9,4805.344,1308.5546,0.09230769230769233,0.29961538461538456,2,3,0,
AH-10465,230,5,2495.3916,-196.12009999999998,0.14,0.13237132352941178,3,3,1,0.9977315
AH-10585,21,4,738.504,83.96300000000001,0.12000000000000002,0.18849999999999997,3,2,0,
AH-10690,410,12,7888.294,1298.0166,0.21739130434782608,-0.013985507246376806,3,3,1,
AI-10855,13,10,4375.786,867.7271000000001,0.07222222222222223,0.31220238095238095,3,3,0,
AJ-10780,75,7,4867.344,150.71300000000005,0.08666666666666667,0.20794444444444443,3,3,0,
AJ-10795,166,7,4501.391,1158.7064,0.08333333333333333,0.26387955182072825,3,3,0,0.001667591
AJ-10945,85,7,1839.24,521.1351999999999,0.04,0.27649999999999997,3,2,0,
AJ-10960,74,3,629.2479999999999,60.4265,0.04,0.2705,1,3,0,
AM-10360,28,5,814.012,194.9878,0.125,0.2916666666666667,3,3,0,
AM-10705,162,8,5664.022,1085.7326,0.06363636363636363,0.24562229437229435,3,3,0,
AO-10810,501,1,161.28,12.096,0.2,0.075,1,1,1,
AP-10720,41,8,1638.554,285.7888,0.1631578947368421,0.17881578947368418,3,3,0,0.0018640875
AP-10915,98,10,3323.556,579.3113,0.09354838709677421,0.23924731182795697,3,3,0,
AR-10345,111,4,1055.694,-221.0544,0.26,-0.018690476190476164,3,2,0,0.006157758
AR-10405,125,5,2236.128,-98.7646,0.09999999999999999,0.2039285714285714,3,3,0,
AR-10510,14,5,264.86400000000003,43.6695,0.21428571428571427,0.05345238095238096,2,3,0,
AR-10540,6,6,6608.448,2884.6208,0.06666666666666668,0.3844444444444444,3,3,0,
AR-10570,534,1,88.15,32.633,0.0,0.385,2,2,1,
AR-10825,58,8,4523.336,494.83519999999993,0.07692307692307693,0.21243284493284492,3,3,0,
AS-10045,88,7,3050.692,-253.57459999999998,0.355,-0.11943627450980392,3,3,0,
AS-10090,28,9,3255.31,64.53739999999998,0.18,0.0965111111111111,3,3,0,0.0011802994
AS-10135,41,2,58.82,21.8496,0.06666666666666667,0.3925,2,2,0,
AS-10225,22,5,4260.784,719.7751000000001,0.06153846153846154,0.2692307692307692,3,3,0,
AS-10240,192,7,584.6080000000001,33.715799999999994,0.2692307692307692,-0.003141025641025658,2,3,1,
AS-10285,19,6,3214.236,354.62760000000003,0.225,-0.07895833333333335,3,3,0,
AS-10630,92,7,833.398,136.49190000000002,0.18333333333333335,0.28944444444444445,3,3,0,
AT-10435,21,6,1171.814,100.87680000000002,0.19999999999999998,0.026851851851851842,3,3,0,
AT-10735,13,10,3831.864,974.107,0.08750000000000001,0.23390625,3,3,0,
AW-10840,20,4,649.376,65.77250000000001,0.2,-0.03187499999999999,3,2,0,0.0038399692
AW-10930,46,7,2852.968,-104.5486,0.30625,-0.25370535714285714,3,3,0,
AY-10555,14,4,497.014,103.3499,0.1,0.267,3,3,0,
AZ-10750,160,6,1622.0179999999998,154.9503,0.125,0.19002314814814814,3,3,0,
BB-10990,105,5,744.3399999999999,11.583900000000007,0.2,-0.03500000000000004,2,3,0,
BB-11545,28,9,6765.728,1015.0749999999999,0.195,-0.12601785714285715,3,3,0,0.0021781672
BC-11125,202,9,2933.676,251.5974,0.1111111111111111,0.16546516754850088,3,3,1,
BD-11320,33,12,5718.521,1094.5037,0.07894736842105263,0.24323308270676688,3,3,0,
BD-11500,35,6,4411.2429999999995,1142.1225,0.135,0.10626470588235297,3,3,0,
BD-11560,278,2,320.54,116.714,0.0,0.41999999999999993,2,3,1,
BD-11605,97,7,3288.471,634.8463,0.0725,0.28871323529411763,3,3,0,
BD-11620,69,6,1538.11,206.75689999999997,0.17500000000000002,0.08364583333333334,3,3,0,
BD-11635,9,3,582.646,141.53400000000002,0.1,0.28405555555555556,3,3,0,
BD-11725,93,6,1526.5,333.9791,0.02,0.3115,2,3,0,0.0050374568
BD-11770,327,6,658.466,141.265,0.12000000000000002,0.25975000000000004,3,2,1,
BE-11335,119,5,4204.676,1487.7739000000001,0.022222222222222223,0.3575,3,3,0,
BE-11410,98,5,2261.438,755.9150999999999,0.16,0.346,2,2,0,
BE-11455,254,6,1727.652,139.20080000000002,0.14615384615384613,0.14647435897435895,3,3,1,
BF-10975,91,7,599.798,227.4384,0.14615384615384613,0.24826923076923074,2,3,0,0.0016668093
BF-11005,39,4,1333.88,-291.38109999999995,0.18,0.002499999999999991,3,3,0,0.0064310725
BF-11020,74,8,2888.506,302.02,0.2571428571428572,0.02998299319727889,3,3,0,
BF-11080,25,3,272.95,110.9272,0.0,0.4116666666666666,1,3,0,0.005707144
BF-11170,16,11,5907.972,1538.2127,0.12222222222222222,0.2248148148148148,3,3,0,
BF-11215,65,4,1585.162,523.2133,0.05,0.34125,3,2,0,
BF-11275,57,3,791.9899999999999,25.870199999999997,0.15000000000000002,0.13375,3,2,0,
BG-11035,28,8,2798.948,-711.4274,0.19166666666666665,0.051527777777777756,3,3,0,
BG-11695,36,6,1874.172,107.5715,0.1375,0.2230059523809524,3,3,0,
BG-11740,57,6,1006.356,119.34790000000001,0.14285714285714285,0.1882142857142857,3,3,0,
BH-11710,23,8,6255.351,802.7898,0.18333333333333335,0.11754464285714285,3,3,0,0.0033629762
BK-11260,77,6,659.1379999999999,-63.764399999999995,0.20625000000000002,-0.12093750000000003,3,3,0,
BM-11140,307,4,11789.63,-1659.9580999999998,0.16875,-0.007247023809523828,3,3,1,
BM-11575,100,6,808.162,95.58160000000001,0.18,0.057999999999999975,3,3,0,
BM-11650,33,11,6749.805,2041.4079,0.08750000000000001,0.2559167833800186,3,3,0,
BM-11785,218,10,1338.842,137.7439,0.25,-0.0242857142857143,3,3,1,
BN-11470,24,4,265.296,36.6131,0.16666666666666666,0.21791666666666665,2,3,0,
BN-11515,9,5,1459.344,340.7054,0.023529411764705882,0.3176470588235294,2,3,0,
BO-11350,137,5,2682.728,278.77700000000004,0.2333333333333333,0.05402777777777775,3,3,0,
BO-11425,75,2,130.83,59.4522,0.0,0.39999999999999997,1,2,0,
BP-11050,83,5,983.42,209.78300000000002,0.14285714285714285,0.0017857142857142735,2,3,0,
BP-11095,17,12,2442.044,433.9751,0.165,0.13966666666666663,3,3,0,0.0014868999
BP-11155,89,6,1697.8609999999999,647.3847000000001,0.0818181818181818,0.2633333333333333,3,3,0,
BP-11185,1,9,3675.861,363.5991,0.19444444444444445,0.1183994708994709,3,3,0,
BP-11230,39,5,1181.49,-197.2695,0.06666666666666667,0.2883333333333333,3,3,0,
BP-11290,12,7,2475.157,-319.0637,0.3,-0.025818452380952386,2,3,0,
BS-11365,558,5,10501.653,2616.0643999999998,0.011111111111111112,0.26999999999999996,3,3,1,
BS-11380,28,5,3887.834,-17.532200000000024,0.27692307692307694,-0.09948717948717947,3,3,0,
BS-11590,35,6,2454.928,381.7807,0.3,-0.15250000000000002,3,2,0,
BS-11665,582,3,3288.1099999999997,238.73680000000002,0.18181818181818182,-0.004545454545454561,3,3,1,
BS-11755,1,7,2562.382,-113.29840000000003,0.13214285714285715,0.15259103641456578,3,3,0,0.0011473475
BS-11800,265,2,949.4300000000001,194.0516,0.0,0.37124999999999997,1,3,1,
BT-11305,336,5,2567.656,417.5918,0.044444444444444446,0.2755555555555555,3,3,1,
BT-11395,302,6,2186.6130000000003,257.9163,0.15,0.1438333333333333,3,3,1,
BT-11440,560,4,603.876,-77.5256,0.15714285714285717,0.06119047619047617,2,2,1,
BT-11485,659,2,415.19599999999997,126.8694,0.06666666666666667,0.3641666666666667,2,2,1,
BT-11530,91,5,2684.4919999999997,409.4983,0.1,0.24191666666666664,3,3,0,
BT-11680,20,7,3196.752,447.74839999999995,0.07,0.305875,3,3,0,
BV-11245,334,5,1523.2730000000001,315.2214,0.09285714285714285,0.259047619047619,3,3,1,0.99642783
BW-11065,212,3,385.516,-58.28659999999999,0.13333333333333333,0.16166666666666668,2,2,1,
BW-11110,121,8,4750.358,921.2574,0.1411764705882353,0.16552287581699343,3,3,0,
BW-11200,203,6,1738.406,246.9973,0.15,0.06588888888888886,3,3,1,0.9970311
CA-11965,96,6,3789.7228,1143.3817,0.11200000000000002,0.2816176470588235,3,3,0,0.002324581
CA-12055,401,5,1679.7240000000002,211.2559,0.3,-0.2045,3,3,1,
CA-12265,56,9,2648.2872,279.6183,0.18941176470588236,-0.06913206459054211,3,3,0,
CA-12310,13,4,1421.954,246.02179999999998,0.11818181818181818,0.15457792207792206,3,3,0,
CA-12775,120,7,3041.566,204.48950000000002,0.18823529411764706,0.12573529411764706,3,3,0,
CB-12025,47,10,6076.139,150.2089,0.16346153846153846,0.10463639301874593,3,3,0,
CB-12415,26,8,1949.2,272.3883,0.3333333333333333,-0.32,3,3,0,
CB-12535,197,8,4246.4555,1049.5601,0.05,0.3136764705882353,3,3,1,
CC-12100,457,6,1770.945,208.5912,0.21538461538461537,0.02705128205128204,3,3,1,
CC-12145,106,7,2471.65,392.2825,0.08181818181818182,0.30405844155844153,3,3,0,
CC-12220,20,12,3913.418,393.9618,0.11818181818181818,0.23650252525252524,3,3,0,0.0011842303
CC-12370,43,5,12129.072000000002,2177.0493,0.2818181818181818,-0.010757575757575744,3,3,0,0.0045723924
CC-12430,0,10,2870.05,424.6583,0.05789473684210527,0.2977485380116959,3,3,0,0.0018030267
CC-12475,39,9,1659.438,154.851,0.16153846153846155,-8.241758241757594e-05,3,2,0,
CC-12550,27,3,113.832,33.870599999999996,0.15000000000000002,0.323125,2,2,0,0.004745254
CC-12610,34,7,2540.631,331.434,0.27499999999999997,-0.17090277777777782,3,3,0,
CC-12670,29,7,2269.7015,187.8399,0.16785714285714287,0.08481092436974788,3,3,0,
CC-12685,799,4,2854.1150000000002,850.1591,0.25,-0.00777777777777781,2,3,1,
CD-11920,40,5,2033.968,426.661,0.044444444444444446,0.2794444444444444,3,3,0,0.004802906
CD-11980,54,3,639.766,-206.7172,0.43333333333333335,-0.6758333333333334,3,3,0,0.0059821755
CD-12280,42,2,1205.584,233.0274,0.08461538461538462,0.2647222222222222,3,3,0,
CD-12790,399,5,1860.732,403.8422,0.02666666666666667,0.357,3,3,1,
CG-12040,49,6,904.4680000000001,86.5106,0.18888888888888888,0.18324074074074076,2,3,0,
CG-12520,338,3,1148.7800000000002,169.93439999999998,0.2,0.03700000000000001,2,3,1,
CH-12070,691,3,1537.236,195.15109999999999,0.15000000000000002,0.12187499999999998,2,2,1,
CJ-11875,365,1,16.52,1.652,0.2,0.0999999999999999,1,1,1,
CJ-12010,189,8,11164.974,858.7414,0.1885,0.08622205245734657,3,3,1,
CK-12205,39,13,3154.855,141.2831,0.234375,0.06443452380952377,3,3,0,
CK-12325,120,5,2945.321,261.22090000000003,0.18333333333333335,0.11908730158730158,3,3,0,
CK-12595,43,11,2372.75,497.70980000000003,0.184,0.08666190476190475,3,3,0,
CK-12760,82,9,1582.109,-338.4311,0.15,0.08660714285714284,3,3,0,
CL-11890,106,4,1262.0140000000001,328.0847,0.05714285714285715,0.26107142857142857,3,3,0,
CL-12565,284,12,10880.546,1933.7830999999999,0.1142857142857143,0.24482142857142855,3,3,1,0.9945568
CL-12700,105,5,2353.586,229.00990000000002,0.1875,0.11687499999999998,3,3,0,
CM-11815,131,6,1673.888,214.463,0.12000000000000002,0.23324999999999996,3,3,0,
CM-11935,708,2,565.392,-43.732400000000005,0.2,0.15624999999999997,3,3,1,
CM-12115,8,4,1661.6100000000001,409.0679,0.028571428571428574,0.3139285714285714,3,3,0,
CM-12160,26,6,2533.314,-394.3686,0.24285714285714285,-0.15166666666666664,3,2,0,
CM-12190,8,6,1475.144,91.2033,0.07142857142857142,0.09892857142857144,3,3,0,
CM-12235,385,5,2305.712,365.0387,0.07500000000000001,0.3390625,3,3,1,
CM-12385,37,4,8954.019999999999,3899.8903999999998,0.12,0.179,3,3,0,
CM-12445,436,3,287.99,64.4296,0.07777777777777778,0.2675396825396825,2,3,1,0.9975037
CM-12655,27,6,6339.5576,1572.4585,0.072,0.2433529411764706,3,3,0,
CM-12715,1035,4,3984.4524,176.3108,0.30923076923076925,-0.22489064856711913,3,3,1,
CP-12085,82,8,5402.254,427.0258,0.14285714285714285,0.1444642857142857,3,3,0,0.0014310204
CP-12340,160,8,5888.275,-1850.3029000000001,0.21333333333333335,0.013055555555555537,3,3,0,
CR-12580,57,4,2148.852,74.40129999999999,0.13333333333333333,0.20458333333333334,3,3,0,
CR-12625,470,3,475.9,144.7594,0.0,0.3725,2,3,1,
CR-12730,78,4,1600.55,306.9176,0.26666666666666666,0.040119047619047624,2,3,0,
CR-12820,85,3,1397.8724,83.27029999999999,0.13142857142857142,0.13018907563025214,3,3,0,
CS-11845,91,5,1278.954,185.3776,0.275,-0.15593750000000003,3,3,0,
CS-11860,162,6,537.632,105.8275,0.2285714285714286,0.032142857142857154,2,2,0,
CS-11950,25,11,3036.547,-126.4223,0.2636363636363636,-0.10496212121212123,3,3,0,0.001009802
CS-12130,489,4,884.64,143.8339,0.1142857142857143,0.23785714285714282,3,3,1,0.99665266
CS-12175,232,5,844.4580000000001,113.1405,0.1625,0.12270833333333332,2,3,1,
CS-12250,26,12,2754.216,738.3626,0.05714285714285715,0.3483928571428571,3,3,0,
CS-12355,6,11,3202.1620000000003,831.9432,0.08181818181818182,0.2919318181818182,3,3,0,0.0015207777
CS-12400,2,9,3651.8585000000003,-342.80330000000004,0.21428571428571427,0.008593073593073606,3,3,0,
CS-12460,27,2,550.644,156.2593,0.06666666666666667,0.32499999999999996,3,3,0,
CS-12490,424,4,1077.2285,-302.8761,0.25,0.027457912457912455,3,3,1,
CS-12505,58,6,5690.054999999999,-6626.389499999999,0.19999999999999998,0.03324074074074071,2,3,0,
CT-11995,96,8,3241.898,161.22629999999995,0.16111111111111112,0.027870370370370337,3,3,0,0.001172927
CV-12295,254,5,2830.6279999999997,493.0861,0.07692307692307693,0.2969230769230769,3,3,1,
CV-12805,5,9,2370.3136,98.99749999999999,0.2431578947368421,-0.09974028207774341,3,3,0,
CW-11905,22,6,1136.592,370.8298,0.09090909090909091,0.2945454545454545,2,3,0,
CY-12745,60,8,2900.026,60.64670000000001,0.2,0.09909090909090908,3,3,0,
Co-12640,549,5,1300.076,205.62820000000002,0.175,0.14656249999999996,3,2,1,
DA-13450,352,4,156.76,56.7904,0.125,0.29874999999999996,3,3,1,
DB-12910,21,8,2171.599,431.3748,0.15416666666666667,0.16958741830065358,3,3,0,0.0013709853
DB-12970,241,5,2839.2272,213.00289999999998,0.16571428571428573,0.13340802987861808,3,3,1,
DB-13060,16,7,4531.646,473.0272,0.1846153846153846,0.02942307692307692,3,3,0,
DB-13120,48,7,2973.094,-1421.7692,0.14285714285714285,0.1526785714285714,3,3,0,
DB-13210,9,10,2332.577,169.9679,0.18571428571428572,0.05530045351473924,3,3,0,
DB-13270,53,8,4655.897,841.8263999999999,0.2076923076923077,-0.06390109890109893,3,3,0,
DB-13360,264,5,1081.466,291.0085,0.08333333333333333,0.33865740740740735,3,3,1,
DB-13405,187,4,1711.692,438.9092,0.028571428571428574,0.3001785714285714,3,3,1,0.99769896
DB-13555,107,7,3908.8028,109.32700000000001,0.15142857142857144,0.09598739495798318,3,3,0,
DB-13615,33,7,1989.05,438.80119999999994,0.14545454545454548,0.2418181818181818,2,3,0,
DB-13660,12,7,1155.202,177.67350000000002,0.16,0.11725000000000001,3,3,0,
DC-12850,37,9,3336.168,-1441.6312999999998,0.21111111111111114,0.047546296296296295,3,3,0,
DC-13285,23,5,1174.618,132.06820000000002,0.07857142857142858,0.16684873949579831,3,3,0,
DD-13570,41,6,269.542,36.4344,0.24444444444444446,-0.15055555555555558,2,3,0,
DE-13255,719,5,2550.874,464.47139999999996,0.1111111111111111,0.21490740740740738,3,3,1,
DF-13135,700,3,2390.534,-259.3097,0.2833333333333334,-0.17416666666666666,3,2,1,
DG-13300,32,5,3195.818,562.7761,0.1,0.22593749999999999,3,3,0,
DH-13075,277,6,4932.872,1193.7404,0.0782608695652174,0.18630434782608693,3,3,1,
DH-13675,776,4,1043.096,116.667,0.12272727272727274,0.17665775401069517,3,3,1,0.99655837
DJ-13420,637,4,2012.52,483.03499999999997,0.0,0.29799999999999993,2,3,1,
DJ-13510,48,8,2501.6879999999996,345.2521,0.06923076923076923,0.2834065934065934,3,3,0,
DJ-13630,12,3,3356.398,731.5644,0.0625,0.25621527777777775,3,2,0,
DK-12835,21,12,3256.48,881.1228000000001,0.17777777777777778,0.16045414462081128,3,3,0,
DK-12895,45,5,4282.176,937.6496,0.08000000000000002,0.2338333333333333,3,3,0,
DK-12985,7,5,1687.04,-107.35379999999998,0.1625,0.0534375,2,3,0,
DK-13090,42,7,2650.557,536.3935,0.13846153846153847,0.18988095238095237,3,3,0,
DK-13150,10,2,797.832,249.9447,0.12000000000000002,0.31849999999999995,2,2,0,0.002933929
DK-13225,10,9,4802.394,209.89940000000004,0.19473684210526318,0.0531140350877193,3,3,0,
DK-13375,19,8,3318.486,377.0799,0.10869565217391304,0.10527432712215319,3,3,0,
DL-12865,100,8,1503.112,322.2449,0.15,0.22285714285714284,3,3,0,
DL-12925,57,6,3272.2,4.213200000000029,0.03571428571428571,0.2814285714285714,3,3,0,0.0034463806
DL-13315,22,8,1458.258,288.8732,0.1823529411764706,0.09068627450980393,3,3,0,0.0023729333
DL-13330,57,4,585.02,222.6812,0.05,0.305,3,3,0,0.0039030376
DL-13495,76,8,3539.322,-52.78799999999997,0.05000000000000001,0.2764583333333333,3,3,0,
DM-12955,114,7,1322.034,108.7583,0.16666666666666666,0.15674603174603174,2,3,0,
DM-13015,57,7,6345.103,1677.3931,0.22999999999999998,0.04533333333333332,3,3,0,
DM-13345,22,8,4074.4719999999998,1319.0586,0.1,0.2481196581196581,3,3,0,0.0017119135
DM-13525,481,3,1376.792,199.7688,0.16999999999999998,0.144,3,3,1,
DN-13690,217,7,2139.79,540.5405000000001,0.018181818181818184,0.29886363636363633,3,3,1,
DO-13435,133,9,1300.0315,-38.90860000000001,0.15769230769230771,0.16417832167832166,3,3,0,
DO-13645,26,7,1267.316,294.0676,0.09090909090909091,0.2668181818181818,3,3,0,
DP-13000,126,9,1050.636,241.4524,0.2117647058823529,0.13151960784313724,3,3,0,
DP-13105,6,8,2215.002,563.1761,0.1142857142857143,0.26857142857142857,3,3,0,
DP-13165,812,2,1058.616,-40.93759999999999,0.15000000000000002,0.19437500000000002,3,3,1,
DP-13390,358,9,5480.723999999999,1571.8318,0.18571428571428572,0.023392857142857104,2,3,1,
DR-12880,3,9,6528.034000000001,1641.8613,0.13333333333333333,0.18253472222222222,3,3,0,0.0016477611
DR-12940,50,8,8350.868,2869.0759999999996,0.15384615384615383,0.03910256410256408,3,3,0,
DS-13030,93,4,1762.213,193.3319,0.1394736842105263,0.17129772961816303,3,3,0,
DS-13180,23,9,2881.8128,163.6993,0.15350000000000003,0.10017121848739494,3,3,0,
DV-13045,19,5,1119.483,-427.184,0.17222222222222222,0.08515512265512266,3,3,0,
DV-13465,29,6,3341.587,353.2127,0.11333333333333334,0.15416666666666667,2,3,0,
DW-13195,69,6,1080.751,-86.87379999999999,0.24444444444444446,0.011626984126984121,3,3,0,
DW-13480,217,5,5271.628,1348.7556,0.03636363636363637,0.29568181818181816,3,3,1,
DW-13540,98,5,344.08,69.6672,0.17777777777777778,0.18166666666666664,2,2,0,
DW-13585,242,7,1204.854,-266.8966,0.17,0.12274999999999998,3,3,1,
Dl-13600,119,5,755.602,175.2388,0.21666666666666667,-0.23379629629629628,2,2,0,
Dp-13240,84,11,7198.7609999999995,333.36479999999995,0.18620689655172415,0.10040229885057468,3,3,0,
EA-14035,152,13,2846.705,-52.74059999999998,0.3,-0.05994761904761907,3,3,0,
EB-13705,48,9,3644.978,13.621500000000005,0.25833333333333336,0.07941468253968254,3,3,0,
EB-13750,35,10,3236.314,-80.28599999999999,0.145,0.11763888888888888,3,3,0,
EB-13840,90,5,4358.128,656.1988,0.125,0.1859375,2,3,0,
EB-13870,100,10,2767.219,261.5315,0.29090909090909095,-0.12636724386724388,3,3,0,
EB-13930,161,5,944.6000000000001,0.6042000000000058,0.17142857142857143,0.11221088435374146,3,2,0,
EB-13975,0,4,1643.255,162.8781,0.2833333333333333,-0.009027777777777801,2,1,0,0.0048815454
EB-14110,113,6,3071.126,184.7656,0.2090909090909091,0.11586580086580084,3,3,0,
EB-14170,82,6,1186.326,282.1701,0.2285714285714286,0.22892857142857143,2,3,0,0.002654954
EC-14050,53,5,461.914,96.4256,0.09999999999999999,0.19238095238095235,3,3,0,
ED-13885,135,8,3484.92,670.4435000000001,0.21428571428571427,-0.08089002267573699,3,2,0,0.0018736852
EG-13900,22,5,1832.02,104.2656,0.2,-0.03287477954144625,3,3,0,
EH-13765,135,12,10310.880000000001,1393.5154,0.07187500000000001,0.2941753472222222,2,3,0,
EH-13945,217,8,684.1709999999999,53.53980000000001,0.29411764705882354,-0.08602941176470592,3,3,1,0.99479514
EH-13990,405,6,825.9499999999999,150.3759,0.0625,0.2867708333333333,3,3,1,
EH-14005,2,7,1219.53,-94.14079999999997,0.17272727272727273,0.20265151515151514,3,3,0,
EH-14125,152,10,3082.653,96.27019999999999,0.20555555555555557,0.040615079365079326,3,3,0,
EH-14185,105,6,923.884,242.1107,0.28750000000000003,-0.09781250000000004,2,3,0,
EJ-13720,302,4,2162.174,387.0176,0.175,-0.010937499999999996,3,3,1,
EJ-14155,57,5,2656.691,451.87550000000005,0.0625,0.23174107142857142,3,2,0,
EK-13795,44,4,1303.478,97.10659999999999,0.0875,0.1965808823529412,3,2,0,
EL-13735,77,2,124.28,27.1154,0.0,0.295,2,1,0,
EM-13810,132,5,2567.0099999999998,-133.8275,0.14285714285714285,0.15761904761904758,3,3,0,0.004517658
EM-13825,55,8,2339.598,682.5541999999999,0.0625,0.2928125,3,3,0,0.0022195608
EM-13960,151,5,933.704,102.29599999999999,0.2333333333333333,-0.13708333333333342,2,3,0,
EM-14065,47,4,228.99,40.15459999999999,0.25,-0.009305555555555567,3,2,0,
EM-14095,113,4,1041.0420000000001,240.2362,0.1,0.27775,2,3,0,
EM-14140,48,6,4588.436000000001,1319.3655,0.06666666666666668,0.31083333333333335,3,3,0,0.0027533942
EM-14200,158,3,366.822,21.7721,0.125,0.2658035714285714,3,2,0,
EN-13780,287,4,2199.366,496.1131,0.044444444444444446,0.24472222222222217,3,3,1,
EP-13915,12,17,5478.0608,144.9578,0.19741935483870968,0.030209406343182407,3,3,0,
ER-13855,421,3,1245.788,-295.7398,0.2,-0.01366666666666667,2,2,1,
ES-14020,40,5,3510.4579999999996,1003.2935,0.125,0.23281249999999998,3,3,0,
ES-14080,28,9,4657.924,246.6661,0.26,0.01701785714285716,3,3,0,
FA-14230,97,7,2984.054,520.5229,0.25882352941176473,0.07240196078431371,3,3,0,
FC-14245,70,7,3418.742,1217.1662000000001,0.1357142857142857,0.20089285714285712,3,3,0,
FC-14335,184,7,3889.366,714.2926,0.16,0.21075,3,3,1,
FG-14260,34,7,1383.144,394.73969999999997,0.11818181818181818,0.20636363636363636,2,3,0,
FH-14275,37,10,4256.272,1073.2676,0.1285714285714286,0.2374206349206349,3,3,0,0.0017761269
FH-14350,212,4,2271.284,706.289,0.10714285714285714,0.21916666666666668,3,3,1,0.99667215
FH-14365,5,8,6987.196,2050.2826,0.13846153846153847,0.14444444444444443,3,3,0,0.0022501885
FM-14215,7,10,2456.638,249.6808,0.09333333333333334,0.23522222222222222,3,3,0,0.0019006904
FM-14290,36,9,3736.198,198.10949999999997,0.18,-0.012375000000000016,2,3,0,0.0012372661
FM-14380,145,9,2523.266,191.4898,0.15714285714285717,0.09065476190476186,3,3,0,
FO-14305,38,10,2678.438,215.59689999999998,0.22,-0.0367777777777778,3,3,0,
FP-14320,23,8,4046.746,406.44730000000004,0.13571428571428573,0.21956349206349207,3,3,0,
FW-14395,362,3,79.75,23.491300000000003,0.0,0.3033333333333333,2,2,1,
GA-14515,149,8,3919.7760000000003,840.899,0.0642857142857143,0.3086706349206349,3,3,0,
GA-14725,5,11,1398.382,136.70790000000002,0.17954545454545456,0.02198529411764703,3,3,0,
GB-14530,62,11,1568.44,7.837100000000003,0.16999999999999998,0.11308333333333331,3,3,0,
GB-14575,13,5,4716.288,1135.8393,0.037500000000000006,0.3178125,3,3,0,
GD-14590,5,4,1888.07,230.93729999999996,0.13333333333333333,0.2847222222222222,2,3,0,
GG-14650,43,9,2224.0,12.698500000000008,0.15,0.15916666666666665,3,3,0,
GH-14410,75,9,2819.4669999999996,-576.8335,0.27058823529411763,-0.16476190476190478,3,2,0,0.000996414
GH-14425,50,4,4172.8460000000005,1176.4181,0.19,0.16975,3,3,0,
GH-14485,387,2,1361.2440000000001,-95.4498,0.4666666666666666,-0.5458333333333334,2,2,1,
GH-14665,2,2,146.94080000000002,-5.810200000000001,0.24,0.009313725490196106,2,2,0,
GK-14620,112,9,6497.27,1448.5525,0.15714285714285717,0.2244047619047619,3,3,0,
GM-14440,83,7,3582.8199999999997,347.266,0.11818181818181818,0.15815656565656566,3,3,0,0.0011682989
GM-14455,16,6,3078.624,793.2814000000001,0.16666666666666666,0.1703472222222222,3,3,0,
GM-14500,106,10,1255.682,441.3185,0.11538461538461539,0.2912362637362637,3,3,0,
GM-14680,152,6,3163.628,35.48649999999999,0.14545454545454548,0.14954545454545454,3,3,0,
GM-14695,117,3,6049.966,188.7235,0.05454545454545456,0.29227272727272724,3,2,0,
GP-14740,765,2,236.53,31.837600000000002,0.13999999999999999,0.17599999999999996,1,2,1,0.99798834
GR-14560,1135,2,1284.38,359.83320000000003,0.0,0.426,2,3,1,0.9974343
GT-14635,56,3,9351.212,-4108.6589,0.25,0.03416666666666666,3,3,0,
GT-14710,36,11,11820.119999999999,2163.4269,0.1,0.285628078817734,3,3,0,
GT-14755,34,4,226.436,-6.139200000000002,0.2,-0.030714285714285746,2,3,0,
GW-14605,28,7,2189.019,-268.54229999999995,0.15555555555555556,0.0674867724867725,3,3,0,
GZ-14470,7,9,4355.150000000001,1087.7539,0.07857142857142858,0.2950510204081632,3,3,0,
GZ-14545,157,4,2454.6220000000003,828.661,0.04,0.271,3,2,0,
HA-14905,69,7,2163.3,270.8574,0.22999999999999998,0.00808333333333334,3,3,0,0.002092432
HA-14920,20,8,2584.158,99.1445,0.2,0.05499999999999998,3,3,0,
HD-14785,769,3,251.36,-135.87599999999998,0.3,-0.10809523809523812,1,3,1,0.9982502
HE-14800,12,4,883.5319999999999,274.4028,0.018181818181818184,0.3297727272727272,3,3,0,0.004239481
HF-14995,21,7,2533.1639999999998,-13.876799999999989,0.13157894736842105,0.18945492072427053,3,3,0,
HG-14845,54,5,785.628,147.0032,0.19,0.18041666666666667,2,3,0,
HG-14965,23,12,3247.642,-2797.9635000000003,0.17058823529411765,-0.005343137254901953,3,3,0,
HG-15025,6,7,3690.284,804.6113,0.17272727272727273,-0.00020202020202025441,3,3,0,
HH-15010,72,2,218.668,86.7342,0.03333333333333333,0.35541666666666666,2,2,0,
HJ-14875,126,5,358.1,98.6548,0.10000000000000002,0.2966666666666667,2,3,0,
HK-14890,151,8,4877.784,956.9451,0.21333333333333335,-0.009833333333333357,3,3,0,
HL-15040,43,6,12873.297999999999,5622.4292000000005,0.018181818181818184,0.3140909090909091,3,3,0,0.0050945855
HM-14860,2,10,8236.7648,2437.9836,0.231,-0.08982422969187676,3,3,0,0.0020636998
HM-14980,247,4,736.276,117.2755,0.17142857142857146,0.2382142857142857,3,3,1,
HP-14815,30,7,1990.314,373.8637,0.3,-0.17847222222222225,3,3,0,
HR-14770,13,5,1299.288,185.5794,0.04615384615384616,0.235,3,3,0,
HR-14830,159,7,5248.787,1196.9504,0.09999999999999999,0.22257936507936504,3,3,0,
HW-14935,117,8,9300.254,2164.1611,0.045,0.2536071428571428,3,3,0,0.002705923
HZ-14950,35,5,886.52,-130.3879,0.19999999999999998,0.014999999999999966,3,3,0,
IG-15085,71,4,744.574,320.4982,0.028571428571428574,0.42,1,3,0,
IL-15100,142,7,5040.736,1121.937,0.07142857142857142,0.28035714285714286,3,3,0,
IM-15055,409,3,2872.63,975.7701,0.1,0.3787499999999999,3,3,1,
IM-15070,390,7,4930.474,514.6527,0.16666666666666666,0.06242063492063489,3,3,1,
JA-15970,92,8,6491.026,-819.4217000000001,0.2125,0.09429398148148145,3,3,0,0.0011068096
JB-15400,7,10,1791.605,156.05319999999998,0.20625000000000002,-0.05812500000000002,3,3,0,
JB-15925,737,3,900.552,-286.9808,0.3,0.015937499999999986,3,3,1,
JB-16000,43,7,644.1188,126.76490000000001,0.07428571428571429,0.3547689075630252,2,3,0,
JB-16045,7,5,2518.115,201.51850000000002,0.1888888888888889,0.06796296296296298,3,3,0,
JC-15340,114,4,71.263,-0.35560000000000036,0.22499999999999998,-0.0122916666666667,2,2,0,
JC-15385,175,1,1058.108,502.92440000000005,0.05,0.384375,3,3,0,
JC-15775,158,9,2772.055,279.56919999999997,0.12187500000000001,0.22354779411764703,3,3,0,
JC-16105,57,5,858.576,201.5952,0.044444444444444446,0.33499999999999996,3,3,0,0.0051509906
JD-15790,117,5,2152.352,-266.55249999999995,0.17142857142857146,0.1782142857142857,3,3,0,
JD-15895,394,11,7610.8640000000005,1050.2667999999999,0.075,0.25157118055555555,3,3,1,
JD-16015,112,6,385.43,26.7605,0.3090909090909091,-0.15833333333333333,2,3,0,0.0027084218
JD-16060,300,3,695.442,111.11410000000001,0.049999999999999996,0.22142857142857142,2,2,1,
JD-16150,41,8,8828.0305,1619.5199,0.05588235294117647,0.17896193771626298,3,3,0,0.0024849984
JE-15475,193,6,1388.682,276.2197,0.18461538461538465,-0.018846153846153887,3,3,1,0.99685436
JE-15610,48,7,7754.976,1623.4019,0.16,0.12958333333333333,3,3,0,
JE-15715,46,10,8697.842999999999,1262.2926,0.3227272727272727,-0.17289141414141415,3,3,0,
JE-15745,51,13,6760.8150000000005,221.79670000000002,0.14565217391304347,-0.00968487394957982,3,3,0,0.0012833684
JE-16165,20,3,2697.248,789.6476,0.028571428571428574,0.31607142857142856,3,3,0,
JF-15190,65,7,2279.5860000000002,575.1259,0.12105263157894736,0.22543859649122808,3,3,0,
JF-15295,225,5,955.124,97.28899999999999,0.1142857142857143,0.22053571428571425,3,3,1,
JF-15355,105,6,1911.844,330.199,0.07500000000000001,0.33296875,3,3,0,0.0025851903
JF-15415,2,6,2371.448,635.6376,0.07142857142857142,0.29839285714285707,3,3,0,
JF-15490,121,11,1082.918,-18.06730000000001,0.14666666666666667,0.13116666666666663,3,3,0,
JF-15565,54,8,4198.332,1073.2088,0.17500000000000002,0.16185763888888888,3,3,0,
JG-15115,758,3,2358.676,684.1911,0.24285714285714288,0.04619047619047619,3,3,1,
JG-15160,1,11,6366.392,1415.6664,0.1111111111111111,0.19333333333333333,3,3,0,
JG-15310,2,6,2240.58,3.7976000000000063,0.2545454545454545,-0.16325757575757577,2,3,0,
JG-15805,223,6,1507.018,206.1019,0.06666666666666668,0.24000000000000002,2,2,1,0.9961707
JH-15430,5,4,309.281,-24.077100000000005,0.31428571428571433,0.04261904761904758,3,2,0,
JH-15820,174,6,528.91,26.082199999999997,0.15000000000000002,0.188125,3,2,0,
JH-15910,41,7,959.477,-13.554499999999996,0.14444444444444446,0.14361111111111108,3,3,0,
JH-15985,29,6,7954.9980000000005,-644.6982,0.08571428571428573,0.26958333333333334,3,3,0,
JH-16180,404,4,2256.3940000000002,-96.95300000000002,0.22000000000000003,-0.06833333333333333,3,2,1,
JJ-15445,483,5,709.178,200.5558,0.06666666666666667,0.3358333333333334,2,3,1,
JJ-15760,753,2,195.0,34.449200000000005,0.06666666666666667,0.23666666666666666,2,3,1,
JK-15205,61,5,4427.142,1219.983,0.13076923076923078,0.15628205128205128,3,3,0,
JK-15325,287,3,383.812,55.32769999999999,0.1,0.2975,2,2,1,
JK-15370,44,8,2709.632,330.2838,0.12352941176470589,0.1906535947712418,3,3,0,
JK-15625,61,7,3760.028,750.9485,0.11666666666666668,0.19937499999999997,3,3,0,0.0016758977
JK-15640,180,9,4760.434,1172.5303,0.10000000000000002,0.3189583333333333,2,3,0,
JK-15730,84,10,4867.2,55.0483,0.3325,-0.27402906162464985,3,3,0,
JK-16090,28,3,3747.668,586.6625,0.19999999999999998,-0.08833333333333333,3,3,0,
JK-16120,117,10,2932.484,122.6566,0.20588235294117646,0.045882352941176444,3,3,0,0.001061355
JL-15130,8,6,1214.956,-207.79559999999998,0.26666666666666666,-0.012847222222222223,3,3,0,
JL-15175,6,5,1571.523,209.2817,0.21428571428571427,0.19642857142857142,3,3,0,
JL-15235,119,5,2203.7,54.51740000000002,0.22000000000000003,-0.10825000000000003,3,3,0,0.0039599
JL-15505,49,6,3173.874,591.7163,0.07058823529411766,0.28911764705882353,3,3,0,
JL-15835,21,11,9799.923,228.907,0.08823529411764706,0.242531512605042,3,3,0,
JL-15850,614,6,2725.256,779.9046,0.23636363636363636,0.08371212121212118,3,3,1,
JM-15250,37,6,3159.1220000000003,19.82350000000004,0.2894736842105263,-0.23477443609022555,3,3,0,
JM-15265,37,5,1804.146,502.6143,0.13846153846153847,0.06230769230769228,3,3,0,
JM-15535,102,7,1733.443,356.5395,0.09,0.26535294117647057,3,3,0,
JM-15580,0,5,303.948,113.1204,0.1142857142857143,0.3125,2,2,0,
JM-15655,8,5,864.947,117.20400000000001,0.15833333333333335,0.13965277777777776,3,3,0,
JM-15865,109,7,7625.076000000001,1574.6163999999999,0.1846153846153846,-0.014093406593406597,3,3,0,
JM-16195,57,10,2833.9260000000004,754.1144,0.06315789473684212,0.31394736842105264,3,3,0,
JO-15145,57,9,3254.949,581.4045,0.07307692307692308,0.22859728506787327,3,3,0,
JO-15280,92,6,1934.272,202.13619999999997,0.17272727272727273,0.16272727272727272,3,3,0,
JO-15550,215,5,1090.838,167.6709,0.23636363636363636,0.07946969696969695,2,3,1,
JP-15460,37,7,1669.135,429.7465,0.14,0.20114285714285712,3,3,0,
JP-15520,8,7,3635.594,757.1802,0.059375000000000004,0.26934742647058824,3,3,0,0.002274389
JP-16135,102,9,1707.71,309.7116,0.15384615384615385,0.18831501831501832,3,3,0,
JR-15670,593,2,1156.658,-785.1645,0.3,-0.40694444444444455,2,2,1,
JR-15700,68,1,863.88,107.985,0.2,0.125,1,1,0,
JR-16210,33,5,2201.686,452.37300000000005,0.22000000000000003,-0.00625000000000005,3,3,0,
JS-15595,119,4,1417.654,-175.54899999999998,0.3125,-0.33406250000000004,3,3,0,
JS-15685,42,4,1131.0639999999999,-54.8692,0.20909090909090908,0.06681818181818179,3,3,0,0.0047335355
JS-15880,534,5,3868.02,564.9798000000001,0.14666666666666667,0.15763071895424835,3,3,1,
JS-15940,463,5,469.169,-327.9336,0.3375,-0.205625,2,3,1,
JS-16030,28,6,2516.494,-311.25749999999994,0.18333333333333332,0.00115079365079364,3,3,0,
JW-15220,42,6,7721.714,2173.7093999999997,0.07142857142857142,0.2632142857142857,3,3,0,0.0027505818
JW-15955,5,7,1244.086,-29.575899999999987,0.08181818181818182,0.17159090909090907,3,3,0,
JW-16075,461,4,1428.731,154.06369999999998,0.32857142857142857,-0.20130952380952377,1,3,1,
KA-16525,36,7,1519.506,234.9194,0.05454545454545456,0.24909090909090906,3,3,0,
KB-16240,4,7,3152.6150000000002,763.9076,0.15,0.125,3,3,0,
KB-16315,296,9,1569.464,49.71929999999999,0.19545454545454544,0.11329545454545453,3,3,1,
KB-16405,117,3,908.821,274.297,0.044444444444444446,0.31123456790123455,3,3,0,
KB-16585,230,12,2744.742,579.3551,0.10869565217391304,0.22717391304347825,3,3,1,
KB-16600,1,7,983.922,293.55240000000003,0.2666666666666667,-0.20777777777777776,3,2,0,
KC-16255,407,6,2120.954,846.1217,0.02,0.359,2,3,1,
KC-16540,97,4,3908.262,709.4219,0.2,-0.1385,3,3,0,
KC-16675,57,4,1146.05,156.7797,0.08571428571428573,0.22964285714285712,2,2,0,
KD-16270,484,5,8282.358,1107.6952000000003,0.1875,0.00645833333333334,3,3,1,
KD-16345,41,6,1888.964,328.5942,0.13,0.2375,3,3,0,
KD-16495,112,12,8181.256,3038.6254,0.08750000000000001,0.24519432773109243,3,3,0,
KD-16615,289,5,2243.5099999999998,539.7219,0.1076923076923077,0.29634615384615387,2,3,1,
KE-16420,26,8,1686.7312,397.87989999999996,0.21466666666666667,0.07567647058823528,3,3,0,
KF-16285,97,7,10604.266,1660.1386,0.03333333333333334,0.3259722222222222,3,3,0,
KH-16330,40,8,3312.864,454.7871,0.1388888888888889,0.1875132275132275,3,3,0,0.0012259036
KH-16360,1,6,3100.612,528.2051,0.15,0.1220408163265306,3,3,0,
KH-16510,22,7,5952.859,656.1162,0.10869565217391304,0.17194373401534527,3,3,0,
KH-16630,58,9,3918.9660000000003,727.3786,0.10588235294117647,0.26294117647058823,2,3,0,0.0017182783
KH-16690,2,7,5990.799,1227.5091,0.12666666666666665,0.1991111111111111,2,3,0,
KL-16555,16,8,5016.488,-182.78130000000002,0.29545454545454547,-0.16619588744588745,3,3,0,
KL-16645,47,12,14175.229000000001,806.855,0.19999999999999998,-0.03256704980842912,3,3,0,
KM-16225,14,6,2260.958,635.1057000000001,0.021052631578947368,0.3435526315789474,3,3,0,
KM-16375,56,8,5620.186,973.7901999999999,0.13999999999999999,0.16310714285714284,3,3,0,
KM-16660,15,5,453.538,91.1391,0.044444444444444446,0.3008333333333333,3,2,0,
KM-16720,28,8,4909.472,745.7685,0.08928571428571429,0.24456632653061222,3,3,0,0.0016820495
KN-16390,19,9,2617.272,-151.1518,0.21764705882352942,0.02756302521008404,3,3,0,
KN-16450,52,5,2171.962,114.3083,0.28125,-0.23808210784313724,3,3,0,0.004156315
KN-16705,98,8,2280.58,329.76250000000005,0.12000000000000001,0.128,3,3,0,
KS-16300,295,3,88.472,0.11099999999999888,0.275,-0.025416666666666643,2,2,1,
KT-16465,391,7,3057.1,254.0032,0.2285714285714286,0.10344387755102043,3,3,1,
KT-16480,100,10,4642.088400000001,194.0671,0.14769230769230768,0.18587858220211162,3,3,0,
KW-16435,96,5,4416.5199999999995,1756.135,0.11000000000000001,0.11802777777777773,3,3,0,
KW-16570,771,4,449.096,107.92699999999999,0.04,0.2845,3,2,1,
LA-16780,154,11,8673.222,2059.1199,0.11538461538461539,0.2276923076923077,3,3,0,0.0017494181
LB-16735,48,3,50.188,18.6507,0.26666666666666666,0.041666666666666664,2,2,0,
LB-16795,152,8,4704.304,-40.13219999999996,0.23478260869565215,-0.04679089026915113,3,3,0,0.0009767333
LC-16870,27,8,2478.368,-202.3223,0.2413793103448276,-0.14887931034482763,3,3,0,
LC-16885,16,12,7663.126,1288.3469,0.1565217391304348,0.1280072463768116,3,3,0,
LC-16930,41,8,4492.946,288.26599999999996,0.17142857142857143,0.23966836734693878,3,3,0,
LC-16960,436,4,3246.626,299.48019999999997,0.2857142857142857,-0.060714285714285735,2,3,1,
LC-17050,54,5,2095.064,86.77799999999999,0.27222222222222225,-0.08563725490196078,3,3,0,
LC-17140,13,9,2347.2019999999998,148.07500000000002,0.19444444444444445,-0.01679232804232807,3,3,0,
LD-16855,552,1,5.304,0.4641,0.2,0.0875,1,1,1,
LD-17005,414,4,1961.934,557.1714,0.028571428571428574,0.37142857142857144,3,3,1,
LE-16810,21,6,1469.45,161.76489999999998,0.2555555555555556,-0.29194444444444445,3,3,0,
LF-17185,22,7,3930.5089999999996,-3583.977,0.31875,-0.36989583333333337,3,3,0,
LH-16750,151,3,287.426,12.627699999999999,0.3666666666666667,-0.20972222222222223,2,2,0,
LH-16900,21,9,2295.332,526.0727,0.12666666666666665,0.16666666666666663,3,3,0,
LH-17020,239,4,318.239,-242.73989999999998,0.4666666666666666,-0.5811111111111111,3,3,1,
LH-17155,385,9,1739.689,316.5202,0.07894736842105263,0.263172514619883,3,3,1,0.99260896
LL-16840,249,6,2741.2039999999997,560.0078,0.016666666666666666,0.35041666666666665,3,3,1,
LM-17065,391,5,1346.774,-44.87799999999999,0.05714285714285715,0.1657142857142857,3,3,1,
LO-17170,2,5,644.35,150.1712,0.25555555555555554,-0.07039682539682539,3,3,0,
LP-17080,40,4,756.606,110.7813,0.1111111111111111,0.31472222222222224,2,3,0,
LP-17095,9,7,3653.399,338.44539999999995,0.18666666666666665,0.061277777777777785,3,3,0,
LR-16915,26,6,5142.892,535.4764,0.17500000000000002,0.09765624999999999,3,3,0,
LR-17035,132,5,1879.306,-382.8079,0.27499999999999997,-0.2020833333333333,3,3,0,0.0039011512
LS-16945,178,6,2845.27,-318.77369999999996,0.3071428571428571,-0.21065476190476187,3,3,0,
LS-16975,20,9,2988.674,262.63669999999996,0.2818181818181818,-0.17863636363636368,3,3,0,
LS-17200,96,6,1010.2560000000001,244.197,0.2,0.031607142857142806,2,3,0,
LS-17230,777,3,368.88000000000005,39.1952,0.11666666666666665,0.3098214285714286,2,3,1,
LS-17245,34,6,1008.1360000000001,348.3584,0.08333333333333333,0.3577083333333333,3,3,0,
LT-16765,26,3,329.876,59.036,0.13333333333333333,0.23416666666666666,2,2,0,
LT-17110,34,8,2936.252,320.973,0.24642857142857144,-0.04908263305322129,3,3,0,
LW-16825,88,5,2238.061,32.5767,0.20666666666666667,0.010611111111111111,3,3,0,0.003535283
LW-16990,33,6,3230.308,662.8339000000001,0.10909090909090911,0.25909090909090904,3,3,0,
LW-17125,205,3,1259.04,192.6312,0.0,0.246,3,3,1,
LW-17215,21,7,5420.514,837.2411,0.16666666666666666,0.11040740740740741,3,3,0,
MA-17560,64,11,4299.161,1240.2266,0.09411764705882353,0.3029330065359477,3,3,0,
MA-17995,186,6,2453.284,280.7822,0.041666666666666664,0.31451388888888887,3,3,1,
MB-17305,48,10,1548.702,212.425,0.17368421052631577,0.15829156223893062,3,3,0,
MB-18085,44,7,1428.231,117.8057,0.2,0.12272619047619045,3,3,0,
MC-17275,76,8,2725.982,461.0014,0.13076923076923078,0.13025641025641027,2,3,0,0.001359527
MC-17425,399,5,4432.138,1802.3903,0.12,0.30624999999999997,3,3,1,
MC-17575,27,8,1303.893,210.7493,0.29090909090909095,-0.1823484848484849,2,3,0,
MC-17590,51,6,2426.067,288.98409999999996,0.17058823529411765,0.1301470588235294,3,3,0,
MC-17605,112,8,2258.192,195.4486,0.2222222222222222,0.09318121693121692,3,3,0,
MC-17635,189,4,795.154,-247.94350000000003,0.17500000000000002,0.035312499999999976,2,3,1,
MC-17845,1,7,3805.714,698.4174,0.09999999999999999,0.26857142857142857,3,3,0,
MC-18100,41,10,2218.98,-64.1668,0.26842105263157895,-0.16150375939849623,3,3,0,
MC-18130,369,5,1581.9979999999998,121.7565,0.05454545454545456,0.24090909090909085,3,3,1,
MD-17350,117,7,3766.382,-241.94999999999996,0.32941176470588235,-0.16742296918767505,3,3,0,0.0010034465
MD-17860,36,5,1204.91,-4.040300000000002,0.2875,-0.10864583333333336,2,3,0,0.003729551
ME-17320,42,10,10663.728000000001,1859.4695,0.1318181818181818,0.015665584415584383,3,3,0,
ME-17725,28,8,1908.4532,77.81280000000001,0.2246153846153846,-0.10420760611937084,3,3,0,
ME-18010,92,4,1256.944,107.3604,0.16666666666666666,0.16208333333333333,2,3,0,
MF-17665,421,5,937.039,-341.52650000000006,0.13749999999999998,0.1823958333333333,2,2,1,
MF-18250,7,5,1758.3,456.86080000000004,0.06666666666666667,0.291875,3,3,0,
MG-17650,29,7,3785.276,341.898,0.1285714285714286,0.17690476190476193,3,3,0,
MG-17680,92,4,2350.188,25.888599999999972,0.225,0.050126050420168065,3,3,0,0.0038083598
MG-17695,555,3,1342.282,-398.79319999999996,0.2571428571428572,-0.2864285714285714,2,2,1,
MG-17875,116,5,1242.8329999999999,-470.7684,0.24285714285714288,-0.15178571428571427,2,3,0,
MG-17890,99,9,776.384,171.7372,0.11923076923076924,0.15145927601809953,3,3,0,0.001587863
MG-18145,84,4,3061.543,-93.603,0.1875,0.0057589285714285815,3,3,0,
MG-18205,264,1,16.739,-1.2453,0.44999999999999996,-0.275,2,2,1,
MH-17290,119,6,2394.025,28.761200000000038,0.18846153846153849,0.11099924585218703,3,3,0,0.0019009555
MH-17440,376,4,400.016,61.428599999999996,0.07777777777777778,0.3519444444444444,2,3,1,
MH-17455,85,8,2456.1820000000002,484.77330000000006,0.16363636363636364,0.18446969696969695,3,3,0,
MH-17620,155,4,1252.8,122.3612,0.23333333333333336,-0.04625000000000001,3,2,0,0.0041490523
MH-17785,98,7,2203.7780000000002,238.5614,0.07272727272727274,0.24295454545454545,2,3,0,
MH-18025,49,5,2984.948,476.9032,0.13,0.04691666666666663,2,3,0,
MH-18115,5,9,5503.093,170.9746,0.16818181818181818,0.11607142857142856,3,3,0,
MJ-17740,22,7,6320.746,1054.5529000000001,0.21333333333333335,0.12372222222222222,2,3,0,
MK-17905,28,8,2302.368,-405.3559,0.3,-0.17357843137254902,3,3,0,
MK-18160,240,4,1031.602,227.83380000000002,0.0818181818181818,0.24075757575757573,2,3,1,0.9958554
ML-17395,69,9,2722.843,684.9162,0.17250000000000001,0.11224754901960783,3,3,0,
ML-17410,54,6,2921.5,-76.17550000000003,0.16666666666666666,0.14447619047619048,3,3,0,
ML-17755,29,7,2071.9139999999998,409.51120000000003,0.1076923076923077,0.2613461538461538,3,3,0,
ML-18040,79,3,742.082,138.71620000000001,0.25,-0.14625000000000002,3,2,0,
ML-18265,100,2,162.232,42.6648,0.06666666666666667,0.21749999999999992,2,2,0,0.005217712
MM-17260,168,4,1314.023,178.402,0.13333333333333333,0.22251322751322752,2,2,0,
MM-17920,7,11,3794.0800000000004,82.12499999999997,0.18125,-0.016875,3,3,0,
MM-18055,61,8,2749.881,-520.3443,0.21052631578947367,0.009467418546365902,3,3,0,
MM-18280,85,9,775.414,58.8916,0.14166666666666666,0.17881944444444442,3,3,0,
MN-17935,34,6,2477.946,290.8227,0.26,-0.12350000000000003,3,3,0,0.0027052988
MO-17500,72,4,922.487,59.357699999999994,0.22000000000000003,0.08199999999999999,3,3,0,
MO-17800,104,8,1687.0269999999998,169.34369999999998,0.16363636363636364,0.06685064935064934,3,3,0,
MO-17950,180,2,154.288,-82.0074,0.35000000000000003,-0.646875,2,3,0,
MP-17470,719,7,3206.132,600.2873,0.12142857142857144,0.2623979591836734,3,3,1,
MP-17965,72,9,3983.6420000000003,638.1563,0.255,-0.13014880952380953,3,3,0,
MP-18175,16,9,5087.92,226.4529,0.15526315789473685,0.12363261093911247,3,3,0,
MR-17545,125,4,639.178,162.9363,0.20000000000000004,-0.0025000000000000113,3,3,0,
MS-17365,273,10,7443.6900000000005,844.9354999999998,0.16041666666666668,0.07363902505446619,3,3,1,
MS-17530,434,4,475.65599999999995,84.0268,0.15714285714285717,0.08999999999999997,3,3,1,
MS-17710,413,6,1613.402,247.4348,0.22,0.10659523809523809,3,3,1,
MS-17770,121,9,3144.678,280.85839999999996,0.09999999999999999,0.20030701754385963,3,3,0,0.0012502637
MS-17830,452,4,370.348,19.431199999999997,0.18,0.20950000000000002,3,3,1,
MS-17980,26,6,855.116,55.226,0.17272727272727273,0.22110389610389608,3,3,0,
MT-17815,49,6,2890.139,509.0068,0.12999999999999998,0.16424999999999998,3,3,0,
MT-18070,203,4,1319.4498,-23.676300000000005,0.2427272727272727,-0.10180481283422456,3,3,1,
MV-17485,27,9,1560.05,189.0258,0.24000000000000002,-0.026740740740740745,2,3,0,
MV-18190,19,7,1734.574,273.8582,0.08636363636363636,0.28875668449197855,3,3,0,0.0019431341
MW-18220,17,7,5341.900000000001,1238.422,0.07857142857142858,0.19480158730158728,3,3,0,0.0017671292
MW-18235,44,2,5253.876,1665.516,0.06666666666666667,0.2874999999999999,2,3,0,
MY-17380,29,7,2254.285,319.1211,0.3076923076923077,-0.037948717948717944,3,3,0,
MY-18295,71,11,4152.696,-371.7111,0.2438095238095238,-0.0007162865146058525,3,3,0,
MZ-17335,30,4,593.606,85.01910000000001,0.06666666666666667,0.24041666666666664,3,3,0,
MZ-17515,282,6,2564.906,787.7503,0.27999999999999997,-0.22175000000000003,3,3,1,
NB-18580,1165,2,273.87199999999996,24.788800000000002,0.1,0.09,2,1,1,
NB-18655,19,9,1972.599,117.6429,0.1735294117647059,0.15143939393939396,3,3,0,
NC-18340,224,5,2461.404,580.3075,0.0411764705882353,0.29406862745098034,2,3,1,
NC-18415,41,6,2218.9900000000002,-2204.8072,0.2642857142857143,-0.0064540816326530736,3,2,0,
NC-18535,6,7,8241.739,1314.758,0.13666666666666666,0.22065359477124183,3,3,0,
NC-18625,204,5,1821.742,-359.02099999999996,0.24444444444444446,0.06120370370370373,3,3,1,
ND-18370,27,9,4326.139,353.64549999999997,0.21111111111111114,-0.05833333333333335,3,3,0,
ND-18460,183,6,2893.455,443.33680000000004,0.0875,0.2128125,3,3,1,0.9944593
NF-18385,79,7,8322.826,-1695.9714,0.25,-0.06669217687074828,3,3,0,0.0010226209
NF-18475,525,4,377.16200000000003,85.92779999999999,0.25,-0.2575,2,1,1,
NF-18595,114,7,2031.472,388.2131,0.11666666666666668,0.2725,2,3,0,
NG-18355,48,5,1869.58,313.63349999999997,0.08750000000000001,0.2703125,3,3,0,
NG-18430,48,5,1395.9379999999999,217.0893,0.1111111111111111,0.2872222222222222,2,3,0,0.0035822338
NH-18610,189,7,2673.29,760.1666,0.05454545454545456,0.30818181818181817,3,2,1,
NK-18490,70,7,572.048,121.2177,0.1272727272727273,0.29204545454545455,2,3,0,
NL-18310,58,4,1418.0900000000001,343.6381,0.06000000000000001,0.2815,3,2,0,
NM-18445,160,7,6459.344,2751.6848999999997,0.042857142857142864,0.3260119047619047,3,3,0,
NM-18520,244,10,2161.979,788.9525000000001,0.26,0.000277777777777762,3,3,1,0.99538666
NP-18325,25,6,5529.62,1208.8890000000001,0.05714285714285715,0.24785714285714286,3,3,0,
NP-18670,58,5,3908.402,514.6002,0.02,0.27625,3,3,0,0.0040584086
NP-18685,406,6,1228.698,514.5017,0.18571428571428572,0.18916666666666665,3,3,1,0.9956677
NP-18700,138,7,7903.1825,631.2282,0.19615384615384618,-0.011892911010558073,3,3,0,
NR-18550,210,5,2367.277,-25.148799999999966,0.22307692307692306,-0.016858974358974356,3,3,1,
NS-18505,6,4,2575.863,-12.303999999999997,0.20666666666666667,0.1332936507936508,3,3,0,
NS-18640,174,13,2964.823,-234.7714,0.21538461538461537,0.024198717948717936,3,3,0,
NW-18400,172,7,7234.014,1023.123,0.21363636363636365,-0.004545454545454539,3,3,0,
NZ-18565,85,9,2488.31,402.4236,0.175,0.15362499999999998,3,3,0,
ON-18715,410,9,1567.52,-5.88900000000001,0.16,0.1317222222222222,3,3,1,
OT-18730,65,5,3818.624,-925.1203,0.15999999999999998,0.0855833333333333,2,3,0,
PA-19060,103,6,729.408,225.8588,0.1857142857142857,0.2067857142857143,2,3,0,
PB-18805,25,3,740.356,229.2257,0.12000000000000002,0.3025,3,3,0,
PB-19105,57,4,688.324,218.15970000000002,0.12000000000000002,0.253,2,3,0,
PB-19150,97,8,1456.95,280.6606,0.1272727272727273,0.2427272727272727,3,3,0,
PB-19210,688,2,132.738,21.897000000000002,0.1,0.17375000000000002,2,1,1,
PC-18745,2,4,1832.064,272.685,0.22000000000000003,0.04833333333333334,2,3,0,
PC-19000,882,2,1061.488,-184.3364,0.13333333333333333,0.029166666666666674,2,2,1,0.9985324
PF-19120,835,4,9062.864,-614.2943000000001,0.12105263157894738,0.05497076023391811,3,3,1,0.9968131
PF-19165,196,6,2770.0,196.87389999999996,0.05,0.22599999999999998,3,2,1,
PF-19225,114,5,2206.1279999999997,591.3118000000001,0.06000000000000001,0.27675,3,3,0,
PG-18820,36,13,3086.907,137.46130000000002,0.16923076923076924,0.007179487179487166,3,3,0,0.0011435907
PG-18895,57,9,1987.164,334.5163,0.09411764705882353,0.1976470588235294,3,3,0,
PH-18790,70,1,729.648,47.8878,0.2,0.0875,1,1,0,
PJ-18835,39,8,1220.09,442.1355,0.07692307692307693,0.3192307692307692,2,3,0,
PJ-19015,134,7,1824.2340000000002,682.9979000000001,0.08,0.25949999999999995,3,3,0,
PK-18910,483,2,1441.152,-798.705,0.3666666666666667,-0.11777777777777776,2,3,1,0.9983724
PK-19075,9,12,8646.934,2038.2676000000001,0.07600000000000001,0.30567142857142854,3,3,0,
PL-18925,15,5,239.481,-0.7527000000000026,0.25,-0.010312499999999995,3,2,0,0.0034240803
PM-18940,386,3,1405.402,157.8768,0.15,0.10714285714285718,2,2,1,0.99831045
PM-19135,51,4,4115.662,526.7537,0.1285714285714286,0.22,3,2,0,0.002786858
PN-18775,30,8,1467.152,192.0396,0.12307692307692308,0.2171153846153846,3,3,0,
PO-18850,4,11,7473.8282,38.47569999999996,0.21,0.1121912401324166,3,3,0,
PO-18865,0,7,2493.214,437.8533,0.04615384615384616,0.2642307692307692,3,3,0,0.0018633486
PO-19180,160,9,4893.043,1155.4331,0.10555555555555557,0.19626984126984126,3,3,0,0.0016033205
PO-19195,86,5,1056.858,-49.70089999999999,0.19,0.032357142857142834,3,3,0,
PP-18955,97,10,7252.608,1495.0854,0.1088235294117647,0.19476307189542483,3,3,0,0.0016766071
PR-18880,36,5,1840.178,247.6226,0.11666666666666668,0.219375,3,3,0,
PS-18760,107,6,2181.479,-134.441,0.22380952380952382,-0.002528344671201797,3,3,0,
PS-18970,69,8,1278.639,198.5099,0.05384615384615384,0.2695054945054945,2,3,0,
PS-19045,236,7,6843.634,1742.7296999999999,0.0846153846153846,0.22307692307692306,3,3,1,0.9935235
PT-19090,71,4,160.572,-20.0508,0.37142857142857144,-0.39107142857142857,2,3,0,
PV-18985,89,5,2876.046,434.52840000000003,0.08461538461538462,0.2810714285714285,3,3,0,0.0035225863
PW-19030,46,10,3454.916,803.8169,0.038461538461538464,0.2958974358974359,3,3,0,
PW-19240,464,7,3922.4150000000004,1290.354,0.1708333333333333,0.13826622315592904,3,3,1,
QJ-19255,25,9,6108.338,1203.6768,0.12307692307692308,0.1924145299145299,3,3,0,
RA-19285,5,9,2617.906,546.0882,0.1647058823529412,0.12073529411764705,3,3,0,
RA-19885,43,7,3832.314,1292.8656,0.04000000000000001,0.361,3,3,0,
RA-19915,12,9,4793.543,304.8673,0.27954545454545454,-0.2437089381207029,3,3,0,0.0012597692
RA-19945,61,5,1686.9225,-445.695,0.31666666666666665,-0.1691065416065416,3,3,0,
RB-19330,68,2,1008.1959999999999,-164.40619999999998,0.3166666666666667,-0.2592261904761904,3,2,0,
RB-19360,96,6,15117.339,6976.0959,0.09444444444444444,0.20962962962962958,3,3,0,0.0027727569
RB-19435,19,8,2663.0860000000002,477.23990000000003,0.1625,0.025572916666666643,3,3,0,0.0013964562
RB-19465,9,12,4715.466,640.5466,0.13478260869565217,0.16640269151138715,3,3,0,0.0016463528
RB-19570,25,5,528.546,76.8879,0.16666666666666666,0.14444444444444443,3,2,0,
RB-19645,648,5,221.084,72.679,0.14285714285714285,0.33321428571428563,3,3,1,
RB-19705,54,4,2067.45,243.07549999999998,0.1571428571428571,0.013378684807256236,3,3,0,
RB-19795,32,8,5341.356000000001,-516.4757000000001,0.2529411764705882,0.03171568627450981,3,3,0,
RC-19825,369,6,966.409,63.991400000000006,0.11000000000000001,0.21092857142857144,3,3,1,
RC-19960,110,6,885.752,10.563300000000002,0.17272727272727273,0.21568181818181814,3,3,0,
RD-19480,72,8,4272.93,480.594,0.10666666666666667,0.26099999999999995,3,3,0,
RD-19585,180,10,2912.8940000000002,734.5158,0.03157894736842106,0.3359210526315789,3,3,0,
RD-19660,114,5,2786.632,835.772,0.08,0.17249999999999996,2,3,0,
RD-19720,21,10,1419.737,207.3304,0.1575,0.13564215686274508,3,3,0,0.0021857542
RD-19810,14,8,1137.616,318.4625,0.1875,0.12390625,3,3,0,
RD-19900,114,9,3133.924,455.5292,0.05714285714285715,0.2763095238095238,3,3,0,
RD-19930,42,4,970.9420000000001,35.05740000000001,0.31,-0.12000000000000002,3,3,0,
RE-19405,1097,1,48.36,6.045,0.2,0.125,1,1,1,
RE-19450,302,5,876.696,209.2294,0.13333333333333333,0.20805555555555555,3,2,1,0.9966312
RF-19345,390,8,3309.15,633.7072000000001,0.1375,0.14817708333333335,3,3,1,
RF-19735,89,7,2341.2960000000003,711.6168,0.014285714285714287,0.3835714285714285,3,3,0,
RF-19840,6,8,945.222,280.0261,0.0818181818181818,0.18606060606060604,3,3,0,0.0013739988
RH-19495,32,5,3621.3759999999997,563.7877,0.1,0.33791666666666664,3,2,0,
RH-19510,467,6,6979.18,1289.4535,0.03333333333333333,0.2889583333333333,3,3,1,
RH-19555,519,2,740.382,0.30570000000000164,0.5333333333333333,-0.4763888888888889,1,1,1,
RH-19600,534,3,2085.7400000000002,172.6261,0.10909090909090909,0.18003246753246754,3,3,1,
RK-19300,119,3,1460.192,269.688,0.07500000000000001,0.29385416666666664,3,3,0,0.002759711
RL-19615,121,8,6234.91,488.14840000000004,0.21875,0.07612978524743229,3,3,0,0.0023726986
RM-19375,345,6,1453.474,392.1499,0.044444444444444446,0.31611111111111106,3,3,1,
RM-19675,6,5,5979.0960000000005,1902.5438000000001,0.045454545454545456,0.326010101010101,3,3,0,
RM-19750,299,1,98.35,28.6879,0.0,0.34500000000000003,2,2,1,
RO-19780,35,7,3815.478,-1262.5716000000002,0.2916666666666667,-0.17677579365079366,3,3,0,
RP-19270,496,4,954.6452,59.538399999999996,0.19333333333333336,0.14322303921568627,3,3,1,
RP-19390,33,12,5153.084,465.25030000000015,0.14800000000000002,0.12386666666666667,3,3,0,
RP-19855,28,8,2170.716,594.5868,0.13333333333333333,0.1141111111111111,2,3,0,
RR-19315,19,2,615.932,-73.835,0.27499999999999997,-0.014642857142857131,2,3,0,
RR-19525,170,6,3302.2619999999997,721.6826,0.06000000000000001,0.29524999999999996,3,3,0,0.003067958
RS-19420,76,5,3221.29,633.4513999999999,0.0,0.3244444444444444,2,3,0,
RS-19765,36,8,4159.7699999999995,1206.3851,0.1142857142857143,0.1894642857142857,3,3,0,
RS-19870,19,2,22.328,9.5838,0.06666666666666667,0.44083333333333335,1,3,0,
RW-19540,120,7,7397.401,1586.6273,0.13478260869565217,0.16914251207729467,3,3,0,
RW-19630,89,9,3279.746,698.8325,0.1375,0.08765624999999998,3,3,0,
RW-19690,79,5,3495.646,707.5503,0.07333333333333333,0.23166666666666663,2,3,0,0.0027760747
SA-20830,63,10,4767.3415,610.1496000000001,0.19285714285714284,0.1761111111111111,3,3,0,
SB-20170,201,3,1348.02,157.6658,0.18571428571428572,0.011309523809523795,2,3,1,
SB-20185,188,6,6410.996,885.4623999999999,0.1416666666666667,0.1987202380952381,3,3,1,
SB-20290,47,7,8057.891,-2082.7451,0.24117647058823527,-0.068578431372549,3,3,0,
SC-20020,781,5,3362.9636,-317.0508,0.21882352941176472,-0.06875144175317187,3,3,1,
SC-20050,40,9,4624.572,1011.7443,0.18666666666666668,0.025333333333333326,3,3,0,
SC-20095,349,9,14142.333999999999,5757.411899999999,0.06363636363636364,0.2630681818181818,3,3,1,
SC-20230,149,4,4371.9580000000005,440.14099999999996,0.10909090909090911,0.19749999999999998,3,3,0,0.002869458
SC-20260,187,8,3729.7929999999997,671.0033999999999,0.19722222222222222,-0.05892156862745099,3,3,1,0.994111
SC-20305,29,7,3979.065,229.1617,0.21666666666666667,0.1563392857142857,3,3,0,
SC-20380,30,9,5992.536,236.66149999999996,0.19,0.04033333333333331,3,3,0,0.0011607839
SC-20440,36,7,1874.998,379.5611,0.27999999999999997,-0.008333333333333337,3,3,0,
SC-20575,92,5,902.7280000000001,100.2253,0.34285714285714286,-0.3123809523809524,2,2,0,
SC-20680,126,6,1254.64,370.1578,0.0,0.3575,3,3,0,
SC-20695,89,10,2576.408,611.8291,0.15714285714285717,-0.11285714285714284,3,3,0,
SC-20725,187,11,5226.21,1276.6513,0.15000000000000002,0.12019230769230768,3,3,1,
SC-20770,41,7,4492.657,-671.1874,0.30476190476190473,-0.1530612244897959,3,3,0,
SC-20800,30,4,279.25600000000003,51.8252,0.12000000000000002,0.24299999999999997,2,2,0,
SC-20845,131,2,280.632,31.1757,0.2,0.2,2,2,0,
SD-20485,200,9,6121.114,1985.1671999999999,0.10476190476190476,0.20217498110355253,3,3,1,0.9931265
SE-20110,9,11,12209.438000000002,2650.6769,0.1105263157894737,0.19394736842105262,3,3,0,
SF-20065,59,7,763.5459999999999,228.1623,0.1,0.23952380952380953,2,3,0,0.001510553
SF-20200,59,9,3422.7859999999996,286.9046,0.12666666666666665,0.17977777777777776,3,3,0,
SF-20965,48,9,3336.535,539.9352,0.2705882352941177,-0.06354575163398694,3,3,0,
SG-20080,8,3,3406.5809999999997,570.438,0.06818181818181818,0.2713235294117647,3,3,0,
SG-20470,183,8,1884.798,-119.0105,0.15,0.1032936507936508,3,3,1,0.99228454
SG-20605,108,6,3124.832,463.269,0.09230769230769233,0.23288461538461533,3,3,0,
SG-20890,226,3,47.946,-3.7073,0.4,-0.5015000000000001,1,1,1,0.99813676
SH-19975,29,13,3406.8395,558.4739999999999,0.13620689655172413,0.1598123732251521,3,3,0,
SH-20395,23,10,2180.718,-144.5229,0.23333333333333334,-0.004333333333333344,3,3,0,
SH-20635,765,2,2096.392,260.6258,0.2,0.16249999999999995,1,2,1,0.9976642
SJ-20125,95,12,3903.976,123.10609999999998,0.24347826086956523,-0.05501552795031059,3,3,0,
SJ-20215,29,6,1341.036,-23.5137,0.37,-0.2685119047619048,3,3,0,
SJ-20500,253,5,1318.776,68.09629999999999,0.14285714285714285,-0.14964285714285716,3,3,1,
SK-19990,8,3,883.409,168.7933,0.22000000000000003,0.084,2,3,0,0.005095465
SL-20155,70,7,3053.012,527.9715,0.17777777777777778,0.016944444444444436,3,3,0,
SM-20005,421,4,244.49399999999997,-26.5927,0.26666666666666666,-0.020000000000000018,2,2,1,0.9971943
SM-20320,79,5,25043.05,-1980.7393,0.24666666666666667,0.07777777777777775,3,3,0,
SM-20905,606,1,1043.041,-237.2885,0.2833333333333333,-0.053472222222222254,3,2,1,
SM-20950,25,12,5563.392,581.5741999999999,0.1272727272727273,0.19051767676767675,2,3,0,
SN-20560,111,6,1860.418,-716.8565000000001,0.1733333333333333,0.1198333333333333,2,3,0,
SN-20710,79,7,3127.9592,481.74989999999997,0.1168421052631579,0.22986731534719151,3,3,0,
SO-20335,29,6,2602.5755,-81.0858,0.1366666666666667,0.18990740740740739,3,3,0,
SP-20545,327,6,1306.086,-118.77570000000001,0.26,-0.26975000000000005,3,3,1,
SP-20620,47,9,5440.319,-270.42819999999995,0.25,-0.014250992063492061,3,3,0,
SP-20650,386,9,1872.4360000000001,268.4782,0.15333333333333332,0.19511111111111112,3,3,1,
SP-20860,79,10,4282.94,566.7226,0.20833333333333334,0.07270833333333333,3,3,0,
SP-20920,70,6,3990.689,14.692400000000003,0.2714285714285714,-0.07954931972789114,3,3,0,
SR-20425,8,5,3233.481,-3333.9144,0.36666666666666664,-0.29169312169312167,3,3,0,
SR-20740,196,8,4345.8859999999995,1990.4243999999999,0.03333333333333333,0.35000000000000003,3,3,1,0.9952793
SS-20140,15,8,1324.028,332.3487,0.11428571428571428,0.15047619047619046,3,3,0,
SS-20410,110,6,3056.8070000000002,-1010.9738,0.25833333333333336,-0.18895833333333334,3,3,0,0.0018341691
SS-20515,491,3,523.34,158.5069,0.0,0.31399999999999995,3,2,1,
SS-20590,432,6,418.49,135.5401,0.0,0.3044444444444444,2,3,1,
SS-20875,120,5,964.636,-75.586,0.24000000000000002,0.029944444444444447,3,3,0,
ST-20530,125,7,433.34000000000003,84.4419,0.20000000000000004,0.09166666666666666,3,3,0,0.002619422
SU-20665,20,7,2595.364,763.4719,0.13333333333333333,0.22593253968253968,3,3,0,
SV-20365,101,10,11470.949999999999,1199.4242,0.15625,0.1320920138888889,3,3,0,
SV-20785,320,9,4105.305,485.0272,0.184,0.0947190476190476,3,3,1,
SV-20815,76,4,1271.0900000000001,199.6502,0.19999999999999998,0.1733333333333333,3,2,0,
SV-20935,2,8,1903.491,106.8912,0.23076923076923078,0.06096153846153844,3,3,0,
SW-20245,81,7,1085.078,-19.60620000000001,0.25999999999999995,-0.1053888888888889,3,3,0,
SW-20275,30,6,1966.65,332.8725,0.028571428571428574,0.3221428571428571,3,3,0,
SW-20350,162,3,1019.044,95.8383,0.21666666666666667,0.03763888888888886,2,3,0,
SW-20455,162,7,2921.544,793.6548,0.1111111111111111,0.31166666666666665,3,3,0,
SW-20755,534,2,758.6959999999999,68.2416,0.1,0.2765625,3,3,1,
SZ-20035,35,11,3625.329,366.43030000000005,0.22000000000000003,0.03767261904761904,3,3,0,
TA-21385,69,4,14595.62,4703.7883,0.07999999999999999,0.145,3,3,0,
TB-21055,119,5,1467.881,390.2113,0.05555555555555555,0.3608575837742504,3,3,0,0.004560612
TB-21175,58,4,3589.296,829.1635,0.09090909090909091,0.2334090909090909,3,3,0,
TB-21190,49,4,816.1740000000001,179.0038,0.025,0.32777777777777767,2,2,0,
TB-21250,349,7,1602.376,260.6155,0.2473684210526316,-0.016842105263157908,3,3,1,
TB-21280,583,6,2198.45,490.9567,0.1,0.2633333333333333,3,3,1,0.99565154
TB-21355,146,5,834.328,268.967,0.06153846153846154,0.32173076923076915,3,3,0,
TB-21400,202,7,9133.99,2798.3689,0.07058823529411766,0.2973529411764706,3,3,1,0.9943731
TB-21520,107,9,4737.486,-1603.0451,0.265,-0.008958333333333368,3,3,0,
TB-21595,285,5,1387.559,-136.4091,0.2714285714285714,-0.03833333333333332,3,3,1,
TB-21625,30,9,2797.668,379.882,0.14,0.06654761904761904,3,3,0,0.001379488
TC-20980,399,5,19052.218,8981.323900000001,0.11666666666666665,0.21291666666666664,2,3,1,
TC-21145,106,1,1038.26,265.5332,0.0,0.23500000000000001,3,2,0,
TC-21295,27,8,4266.812,606.3727,0.13125,0.14140624999999998,3,2,0,0.002388927
TC-21475,153,9,1244.976,119.104,0.2636363636363636,-0.19000000000000003,3,2,0,
TC-21535,4,7,742.5580000000001,217.933,0.11000000000000001,0.18816666666666665,3,3,0,
TD-20995,37,9,1434.5480000000002,88.1897,0.24375000000000002,-0.10677083333333338,2,3,0,
TG-21310,337,5,3058.372,682.1704,0.2111111111111111,0.05944444444444444,3,3,1,
TG-21640,114,4,2074.661,365.7205,0.13,0.18424999999999997,3,3,0,
TH-21100,344,5,2422.824,-135.2125,0.17142857142857146,0.16297619047619047,3,3,1,
TH-21115,58,4,2942.772,-252.5539,0.23333333333333334,0.06604497354497355,3,3,0,0.004689359
TH-21235,117,8,1022.201,92.729,0.2076923076923077,-0.021968864468864487,3,3,0,
TH-21550,72,7,4234.0960000000005,-571.9678,0.06923076923076922,0.2465384615384615,3,3,0,
TM-21010,103,8,2955.2259999999997,573.3013,0.05263157894736842,0.2538157894736842,3,3,0,
TM-21490,130,3,1094.6779999999999,292.52099999999996,0.05,0.24812499999999996,3,3,0,
TN-21040,90,7,3130.221,-692.0452,0.19999999999999998,0.004097222222222227,3,3,0,
TP-21130,8,9,4454.0560000000005,1129.1261,0.08750000000000001,0.09453124999999997,3,3,0,
TP-21415,104,5,5329.0048,-1087.3898,0.462,-0.7791092436974789,3,3,0,
TP-21565,350,4,1936.6399999999999,139.22869999999995,0.24,0.012499999999999994,3,3,1,0.99745935
TR-21325,193,5,675.9419999999999,220.36440000000002,0.028571428571428574,0.3885714285714285,3,2,1,
TS-21085,357,2,4.833,-3.3156,0.7,-0.6833333333333333,1,2,1,0.9980373
TS-21160,504,6,2163.6240000000003,260.87440000000004,0.22352941176470587,-0.0029621848739495747,3,3,1,
TS-21205,198,7,5371.09,862.8877,0.15789473684210525,0.05824561403508771,3,3,1,
TS-21340,226,5,974.7819999999999,-184.97889999999998,0.2833333333333333,-0.09645833333333335,2,3,1,
TS-21370,36,6,11891.751,2371.7144000000003,0.11666666666666667,0.0779567382508559,3,3,0,
TS-21430,172,5,2054.14,48.70169999999999,0.15714285714285717,0.1875,3,3,0,
TS-21505,11,6,2243.274,11.377899999999983,0.19285714285714287,-0.013749999999999997,3,3,0,
TS-21610,55,7,2820.424,-294.6981,0.3727272727272727,-0.2546212121212121,2,2,0,
TS-21655,238,5,3368.094,220.91629999999998,0.19285714285714287,-0.1239795918367347,3,3,1,
TT-21070,31,7,4915.602,751.9567,0.1142857142857143,0.2833928571428571,3,3,0,0.0017088586
TT-21220,183,8,1427.0439999999999,278.7371,0.21333333333333335,0.011500000000000017,3,3,1,
TT-21265,406,3,439.5,93.9162,0.0,0.25,1,2,1,0.9981976
TT-21460,12,7,5364.808,1124.4999,0.1285714285714286,0.1846428571428571,3,3,0,
TW-21025,64,7,5278.826,737.3905,0.10000000000000002,0.22520833333333332,3,3,0,0.001781779
TZ-21580,35,4,1707.286,224.8887,0.08888888888888889,0.27416666666666667,3,3,0,
VB-21745,54,6,2005.596,371.2398,0.16999999999999998,0.08077777777777775,2,3,0,
VD-21670,581,6,6442.254,1617.7874000000002,0.07500000000000001,0.21828124999999998,3,3,1,
VF-21715,13,5,847.944,-96.27799999999999,0.06363636363636363,0.2894155844155844,2,3,0,
VG-21790,154,6,846.01,143.6268,0.07500000000000001,0.220625,3,3,0,
VG-21805,286,5,427.372,-52.333,0.10000000000000002,0.2208333333333333,2,3,1,
VM-21685,54,7,2454.866,513.5269,0.10000000000000002,0.21208333333333332,2,3,0,
VM-21835,117,5,380.69,116.6373,0.11249999999999999,0.24479166666666663,2,3,0,
VP-21730,30,3,993.9019999999999,205.3888,0.04,0.22949999999999998,2,3,0,
VP-21760,75,7,3360.526,-1018.7768,0.17142857142857143,0.08495748299319728,3,3,0,
VS-21820,221,4,1055.981,-262.8093,0.475,-0.6292410714285714,3,3,1,
VT-21700,1000,2,1736.596,-224.08889999999997,0.3333333333333333,-0.10740740740740738,3,3,1,
VW-21775,28,10,6134.0380000000005,-874.6645,0.1611111111111111,0.11594576719576717,3,3,0,0.0012880046
WB-21850,20,11,6160.102,714.3311,0.2054054054054054,0.0185135135135135,3,3,0,
XP-21865,43,11,2374.658,621.23,0.04642857142857143,0.3194742063492063,3,3,0,
YC-21895,4,5,5454.35,1305.629,0.07500000000000001,0.2671875,3,3,0,0.00319299
YS-21880,9,8,6720.4439999999995,1778.2923,0.05000000000000001,0.23687499999999997,3,3,0,
ZC-21910,54,13,8025.707,-1032.1490000000001,0.25483870967741934,-0.20102918586789556,3,3,0,
ZD-21925,202,5,1493.944,249.1307,0.1111111111111111,0.25833333333333336,3,3,1,
